2	peter@berring.eu	07802 949396	57 Garfield Road,Wimbledon,London		SW19 8RZ1	fred.berring@blueyonder.co.uk	07921 674532	41 Oakwood Road,London		SW20 0PL24	gharobinson@gmail.com	07778 516 688	159 Faraday Road,Wimbledon,London		SW19 8PA16	mike@mikewells.co.uk	07710 464190	30 River Mount,Walton on Thames,Surrey		KT12 2PR8	richard.latham@gmail.com	07739 167149	Flat 2,18 Richmond Hill,Richmond,Surrey		TW10 6QX12	john.stembridge@gmail.com	07948 213164	3 Sunlight Close,London		SW19 8TG3	mike.dearden@arnoldwills.net	07900 214308	31 Craven Gardens,Wimbledon,London		SW19 8LU27	Mikebeament@me.com	07968 910778	37 Marina Place,Old Bridge St,Hampton Wick ,Surrey		KT14BH 28	s.shaw806@btinternet.com	07825 688826	82 Longhill Road,Ovingdean,Brighton,East Sussex		BN2 7BE47	andy@rickards-uk.com	07866 678486 	Denzel Paddocks ,Crowcombe Heathfield ,nr Taunton ,Somerset		48	neil.gordon@virgin.net	07798 818923	Stable Cottage,Burrows Lea  Hook Lane,Shere  Guildford,Surrey		GU5 9QQ61	rhodri.james@dmhstallard.com	07909 527217	Field End Grange,The Lee,Great Missenden,Buckinghamshire		HP16 9NA63	peter.middleton@mercedes.co.uk	07796 278255	60 Gyles Park,Stanmore,Middlesex		HA7 1AW80	steve@whippet.co.uk	07973 206281	51 St Leonards Rd,East Sheen,London		SW14 7NQ103	gerrymcg@outlook.com	07971 502519	7 Lea Court,Farnham,Surrey		GU9 9TB118	tonyben4u@hotmail.com	07879 633453	6 Hedley Court,67-69 Putney Hill,London		SW15 3NS116	charles.staveley@capreg.com	020 8241 1104	17 Riverdale Gardens,Twickenham,Middlesex		TW1 2BX93	markdouglas.adams@carillionplc.com	07901 006 026	42 Ealdham Square,Eltham,London,		SE9 6BL129	graham.hansen@lineone.net	0771 3151 269	71 Selwood Road,Addiscombe,Surrey		CR0 7JU166	jawhittle@hotmail.com	07973 629765	17 Alexander Chase,Ely,Cambs		CB6 3SN123	mccarthg@visa.com	07853 232908	23 The Drive,Rayners Lane,Harrow,Middlesex		HA2 7EL145	martindw59@gmail.com	07714 675708	The Granary,Dodds Mill,Chenies,Herts		WD3 6EU172	chris@jcharman.eu	07540 406098	Pear Tree Cottage,Rose Lane,Wickham Skeith,Suffolk		IP23 8LU160	chrisbunning@fsmail.net	07748 118526	147 Queens Road,Wimbledon,London		SW19 8NS178	richard@sdslondon.co.uk	07792 400137	140 Copse Hill,Wimbledon		SW20 0NP191	simon.darcy@blueyonder.co.uk	07768 644219	11 Winifred Road,London		SW19 3AS185	nigel.caufield@googlemail.com	07544 680 769	21 Midway,Walton on Thames,Surrey		KT12 3HZ222	robertdshill@gmail.com	07956 553046	69 Kingsbridge Road,Lower Morden,Surrey,London		SM4 4PT241	jmartin.sumpton@googlemail.com	07932 152 811	59 COMBEMARTIN ROAD,WANDSWORTH,LONDON,		SW18 5PP257	pearse.elder@blueyonder.co.uk	07760 213318	17 Priory Road,Kew,Richmond,Surrey		TW9 3DQ184	bosscatcaufield@aol.com	07793 526099	Ellerslie Bank,The Droveway,St Margaret's Bay,Kent		CT15 6BZ245	carlboorer@live.co.uk	07809 702843	16 Linden Place,Mitcham,Surrey,		CR4 4EY264	magnus.robinson@live.co.uk	07887 567 022	159 Faraday Road,Wimbledon,London		SW19 8PA265		020 8540 5953	35 Craven Gardens,Wimbledon,London		SW19 8LU255		020 8540 5953	35 Craven Gardens,Wimbledon,London		SW19 8LU271		020 8395 6807	57 Garfield Road,Wimbledon,London,		SW19 8RZ227		020 8395 6807	57 Garfield Road,Wimbledon,London,		SW19 8RZ228	sam.dearden@hotmail.co.uk	020 8542 7417	31 Craven Gardens,Wimbledon,London		SW19 8LU250	mikedavidlee@hotmail.com	07966 473819	2 Oak Barn Close,Cranfield,Bedfordshire 		MK43 0TW280	gavin.flaxman@anthonyrose.com	07779 324844	74 Kings Road,Walton-on-Thames,Surrey		KT12 2RB162	michael.luscombe@sky.com				294	s.marett@audionetwork.com	07881 810782	191 Ellerton Road,Surbiton		KT6 7UB263		020 8540 2597	147 Queens Road,Wimbledon,London		SW19 8NS287	mgardner@wedlakebell.com				272		07739 167149	28 Holmead Road,London		SW6 2JD275	jupton-prowse@geraldeve.com		14 Coombe Gardens,London,		SW20 0QU260	qjheaney@gmail.com	07785 507305	The Tile House,14A Homefield Rd,Wimbledon,London		SW19 4QF234	eric.warburton@hotmail.co.uk	07836 735688	Keepers Cottage,Moss Lane,High Legh  Knutsford,Cheshire		WA16 0RG310	dunsirefamily@btinternet.com				303	JHanham@maitlandchambers.com				293	wfairbairn@jigsawcolour.co.uk	07831 254700	2 Leafield Road,Merton Park,London		SW20 9AG308	rfaulkner@lsh.co.uk	07702 895013			278	tomfawcett@btinternet.com				307	thewallers@blueyonder.co.uk	07725-647453	14 Southway,Raynes Park,London		SW20 9JQ311	roberthughjones@btinternet.com	07866 983825	38 Maple Way,Woodlands Park,Great Dunmow,Essex		CM6 1WZ323	vipulalleyns@hotmail.com	07944 790371	215 Valley rd,Streatham,London		sw16 2af330	brianbatchelor@live.co.uk	0208 542 0462	57  Quicks Road,Wimbledon		SW19 1EY269	johnaquilter@aol.com				210	matthewmcewan@btinternet.com				193	superdave-100@hotmail.com				296	maxberring@gmail.co.uk	020 8395 6807	57 Garfield Road,Wimbledon,London		SW19 8RZ344	huwjohnphillip@gmail.com	07834 641652	7 Elmwood,Welwyn Garden City,Herts		AL8 6LD357					319	repoole500@btinternet.com	07801 507446	47 Clifford Road,Barnet,Herts		EN5 5PD363	Petermitchener@gmail.com	07876 177071	36 Baring Road,Addiscombe		CR0 7DD338	ronniedrumstick@gmail.com	07866 361916	43 Hillside,Woking,Surrey		GU22  0NF6	rob@wsi-plc.co.uk	07718 658090	Newcourt,Courts Hill Road,Haslemere,Surrey		GU27 2NG23		020 8942 2324	36 Elmgrove Road,Weybridge,Surrey		KT13 8PD11	alan@mccormickfs.com	061 29328 0103	Po Box 23,The Oaks,NSW	Australia	257013	peter@wdthorpe.demon.co.uk	07956 554077	2 Aldenholme,Ellesmere Road,Weybridge,Surrey		KT13 0JF33		01737 814262	3 Heath End Cottage,Deans Lane,Walton on the Hill,Surrey		KT20 7UD26		020 8542 2459	124 South Park Road,Wimbledon,London		SW19 8TA21	garickz@comcast.net	415-690-5598	853 Las Trampas Rd,Lafayette  Ca	USA	9454932		07791 353429	2 Avondale Court,Avondale Road,Seaford,E.Sussex		BN25 1RL232		020 8874 3196	33 Acris Street,Wandsworth,London		SW185	harlockhouse@msn.com	020 8947 1094	21 Woodside,Wimbledon,London		SW1931		020 8876 7867	6 Kings Road,East Sheen,London		SW14 8PF30			,		34	archieangus@hotmail.com	07947 322101	11 Park Hill,Carlshalton,Surrey		SM5 3RS35	mikejenny@compuserve.com	020 8947 9636	5 Homefield Road,Wimbledon,London		SW19 4QE36	henrykoszarek@ntlworld.com	07885 626926	28 Longcroft Avenue,Banstead,Surrey		SM7 3AE37		01481 65364	4 Lemon Grove,Les Jenemies,St Saviours,Guernsey		CI39	roger.tarling@btinternet.com	020 8540 0874	110 Cromwell Road,Wimbledon,London		SW19 8NA53		020 8948 1035	12 Lancaster Park,Richmond,Surrey		TW10 6AB50	hornbul@supanet.com	07967 347751	7 Formosa Street,London		W9 2JS40	nlipczynski@ihc.co.uk	020 7481 2724	6 Prusoms Island,135 Wapping High Street,London		E1 9NQ49	longers@astoundingfish.net	07973 189183	Dullar Farmhouse,Dullar Lane,Sturminster Marshall,Dorset		BH21 4AB54		020 8671 5950	56 Rodenhurst Road,Clapham,London		SW4 8AR60	tim.parker@jpdes.demon.co.uk	0467 327069	103 Honeywell Road,Battersea,London		SW11 6ED65		01264 889566	The Old Farmhouse,Fox Farm Haydown Lane,Amport Nr Andover,Hampshire		SP11 8BA266		020 8677 5469	110 Norfolk House Road,Streatham,London		SW1679	jim.parsons@ttgroup.com	01892 535294	212 St Johns Road,Tunbridge Wells,Kent		TN4 9XD78	bruce@thegarrettgroup.co.uk	07771 565898	103 Blenheim Gardens,Kingston Upon Thames,Surrey		KT2 7BJ96	pnoble@cc.ernsty.co.uk	01580 890255	Rose Cottage Barn,Knoxbridge,Cranbrook,Kent		TN17 2BT86	sjchome@aol.com	07860 433033	10 Garth Drive,Calderstones,Liverpool,		L18 6HW309		020 8940 7251	30 Pagoda Avenue,Richmond,Surrey		TW9 2HF99	brightjohn@aol.com	020 8789 3325	9 Woodspring Road,Wimbledon,London		SW19 6PL87	tclgc@rbkc.gov.uk	020 8675 1093	74a Dornton Road,Balham,London		SW12 9NE112	earleym@harlosh.com	020 7385 9094	14 Sherbrooke Road,Fulham,London		SW6 7HU113		01920 463195	54 Hoe Lane,Ware,Herts		SG12 9NZ82	jim.best@hsbeil.com	0836 264907	66 Wildcroft Drive,Dorking,Surrey		RH5 4TX122	RKielley@usinewengland.com	212 509 6487	135 Mendham Road,Bernardsville,New Jersey	USA	7924117		0973 124240	3 Bittoms Court,The Bittoms,Kingston,Surrey		KT1 2AS95		020 7771 6985	25a Wix's Lane,London		SW4 0AL121	nickp7@hotmail.com	07956 916542	87 Chinbrook Road,Grove Park,London,		SE12  9QL139	graham_murray@cwb.com	020 8540 9980	49 Garfield Road,Wimbledon,London		SW19 8RZ151	jawtennis@aol.com	07801 684196	3 Dickerage Road,Kingston-Upon Thames,Surrey		KT1 3SP141	andrew.r.manley@lpg.shell.com	07771 705312	Hillside,18 Broad Highway,Cobham,Surrey		KT11 2RP142	nick.2.driver@bt.com	07850 746182	1 Tumblewood,Banstead,Surrey		SM7 1DS143	eadamson@servicetitle.com	540 635 4700	19 Walnut Drive,Front Royal,Va	USA	22630140	pj_harris@lineone.net	07711 657330	38 Petters Road,Ashtead,Surrey		KT21 1NE144	spimbley@alsoparchitects.com	020 8944 0696	19 Wimbledon Close,The Downs,London		SW20 8HW164	steve@ramsay.plus.com	07808 330658	50 High Street,Old Amersham,Bucks		HP7 ODJ161	stay@burfordhouse.co.uk	01993 823151	Burford House,99 High Street,Burford,Oxfordshire		OX18 4QA175	Mark.Lunn@uk.delarue.com				192	john@tenscare.co.uk	020 8547 1999			88	speller@cbn.net.id	00350 74065	The Convent (Gibraltar),BFPO 52		170	richardyoung@greatfosters.co.uk	01344 842159	Norfolk House,Stroude Road,Virginia Water,Surrey		GU25 4DE188	simonsixt@googlemail.com	07746 739351	La Ravine,Chef Lieu,Sixt Fer a Cheval	France	74740199	Stephen.McKay@aig.com	020 7237 7915	35 Azorn,Rotherhithe,London		SE16 5DU205	nick.griffiths@fco.gov.uk	020 8288 9144	57 Cross Deep Gardens,Twickenham,Middlesex		TW1 4QZ58	steven.taylor@shell.com				238	deancasson@skynet.be	32498 108986	55 rue pere eudore devroye,Brussels,Belgium,		1040237	trey.delaney@thehartford.com	860-912-4587	174 Auburn Road,West Hartford,CT,USA	USA	6119202	alan.williams@dmhstallard.com	07801 656802	18 Alkerden Road,London		W4 2HP225	anthony.shutes@me.com	07785 940762	Broadstones,Bracken Close,Wonersh,Surrey		GU5 0QS4	mf@heartuk.org.uk		Warwick House,Tokers Green Lane,Tokers Green,Reading		RG4 9EB221	kimmpp9@hotmail.com	07946 902762	145 Copse Hill,London		SW20 0SU291	chris@westacltd.co.uk				267	jbrennan@namco.co.uk	+44(0)7789746407	18 Clremont Crescent,Croxley Green,Herts		WD3 3QR